{
    "title": "绝赞美食：鸡肉篇",
    "brief_description": "探秘鸡肉的鲜嫩之美",
    "middle_description": "美食探索的旅程中，测评团队发现了一道特色鸡肉料理。透过这段视频，带你一起体验这道鸡肉的鲜美。",
    "long_description": "在寻找世界各地的美味佳肴中，我们偶然发现了一家小有名气的餐厅，主打的就是他们的特色鸡肉料理。这篇视频记录了一次特别的美食体验，餐厅内环境的介绍，客人对鸡肉味道的第一反应，以及鸡肉的细致评价。从口感到调味，从烹饪技巧到食材选择，视频将深入探讨为何这道鸡肉能够脱颖而出，成为受欢迎的美食。",
    "tags": [
        "绝赞美食",
        "鸡肉",
        "鲜嫩",
        "料理",
        "口感",
        "调味",
        "烹饪技巧",
        "食材选择",
        "测评团队",
        "美食体验"
    ],
    "words_to_learn": [
        {
            "word": "tender",
            "time_stamps": "00:00:03,500 --> 00:00:04,500"
        },
        {
            "word": "really good",
            "time_stamps": "00:00:00,000 --> 00:00:06,500"
        },
        {
            "word": "chicken",
            "time_stamps": "00:00:00,000 --> 00:00:03,500"
        },
        {
            "word": "flavor",
            "time_stamps": "00:00:00,000 --> 00:00:03,500"
        },
        {
            "word": "culinary journey",
            "time_stamps": "00:00:00,000 --> 00:00:03,500"
        }
    ],
    "cover": "00:00:03,500",
    "video_filename": "IMG_5304_highlighted.mp4",
    "cover_filename": "IMG_5304_cover.jpg"
}